dimension,trait,text
Energy,Introvert,You are more comfortable observing a conversation than participating in it.
Energy,Introvert,You prefer staying out of the spotlight in group settings.
Energy,Introvert,You enjoy deep conversations with a few close friends.
Energy,Introvert,You enjoy having time to reflect on your thoughts and feelings.
Energy,Introvert,You enjoy solitary hobbies like reading or writing.
Energy,Introvert,"You enjoy spending time on solitary activities, such as reading, writing, or crafting."
Energy,Introvert,You feel drained after large social gatherings.
Energy,Introvert,You find social interactions take energy rather than give it.
Energy,Introvert,You feel more comfortable in one-on-one conversations than in groups.
Energy,Introvert,You feel more comfortable in small groups or one-on-one settings.
Energy,Introvert,You feel most energized after spending time alone or with just one close friend.
Energy,Introvert,You find it difficult to express your opinions and feelings openly.
Energy,Introvert,You find it easier to express yourself in writing than speaking.
Energy,Introvert,You find that large social gatherings often leave you feeling drained or overwhelmed.
Energy,Introvert,You need time to process your thoughts before sharing them with others.
Energy,Introvert,You rarely initiate conversations with new people.
Energy,Introvert,You often need time alone to recharge after social interactions.
Energy,Introvert,You often need time to process your thoughts and feelings.
Energy,Introvert,You prefer familiar routines over seeking out new and exciting experiences.
Energy,Introvert,You prefer to focus on one task at a time.
Energy,Introvert,You prefer to observe others before joining in a conversation.
Energy,Introvert,You prefer to spend time alone or with a small group of close friends.
Energy,Introvert,You prefer to spend your free time alone rather than with others.
Energy,Introvert,You prefer to spend your free time alone rather than socializing.
Energy,Introvert,You prefer to stick to familiar routines and habits.
Energy,Introvert,You prefer to think things through before speaking.
Energy,Introvert,You prefer to work on projects independently rather than in groups.
Energy,Introvert,You prefer working independently rather than in groups.
Energy,Introvert,You prefer written communication over face-to-face conversations.
Energy,Introvert,You recharge your energy by spending time alone rather than socializing.
Energy,Introvert,You recharge your energy by spending time alone.
Energy,Introvert,You tend to be more reserved and quiet than outgoing and assertive.
Energy,Introvert,You tend to be more reserved in social situations.
Energy,Introvert,You tend to keep your thoughts and feelings private.
Energy,Introvert,You tend to listen more than you talk.
Energy,Introvert,You tend to think before speaking or acting.
Energy,Introvert,You tend to think deeply and reflect on your thoughts before speaking.
Energy,Introvert,You enjoy hobbies that you can do on your own.
Energy,Introvert,You feel drained after spending too much time in social gatherings.
Energy,Introvert,You feel more energized after spending time alone.
Energy,Introvert,You feel most comfortable observing rather than being in the spotlight.
Energy,Introvert,Quiet reflective time is essential to your well-being.
Energy,Introvert,You often need time to think before you speak.
Energy,Introvert,"You prefer deep, one-on-one conversations over large group discussions."
Energy,Introvert,You prefer having a few close friends over a large group of acquaintances.
Energy,Introvert,You often observe and listen rather than actively participate in social gatherings.
Energy,Introvert,You prefer to reflect and solve challenging problems on your own.
Energy,Introvert,You prefer to think through options on your own first when making decisions.
Energy,Introvert,You prefer to spend time alone to recharge after a long day.
Energy,Introvert,You tend to listen more and speak when you have something specific to contribute in group discussions.
Energy,Introvert,You find your energy levels are highest when engaging in solitary activities or quiet reflection.
Energy,Introvert,You usually reflect on a problem internally before discussing it with others.
Energy,Introvert,You typically stick with a small group of familiar faces at parties.
Energy,Introvert,Your ideal weekend involves staying in and pursuing personal interests.
Energy,Introvert,You prefer to research and contemplate before trying out something new.
Energy,Introvert,You enjoy pursuing solo hobbies or individual sports in your free time.
Energy,Introvert,You tend to reflect on choices independently before seeking input when making decisions.
Energy,Introvert,"Your work style is best described as independent, preferring to work alone or in small groups."
Energy,Introvert,You usually feel drained and in need of alone time after attending a social event.
Energy,Introvert,You prefer acting quickly rather than extensive deliberation.
Energy,Introvert,"Your communication style tends to be reserved and thoughtful, carefully choosing your words."
Energy,Introvert,"In your leisure time, you prefer quiet, solitary spaces like libraries or nature walks."
Energy,Introvert,You contemplate solutions on your own before sharing when solving complex problems.
Energy,Introvert,Your ideal vacation would be a relaxing retreat with plenty of time for solitude and reflection.
Energy,Introvert,"You prefer quiet, solitary activities over social gatherings."
Energy,Introvert,You feel the need to recharge by being alone after spending time with others.
Energy,Introvert,You find it more comfortable to express yourself in writing than in conversation.
Energy,Introvert,You tend to think carefully before speaking in group discussions.
Energy,Introvert,You prefer working on projects independently rather than in a team.
Energy,Introvert,You find that large social events tend to drain your energy.
Energy,Extrovert,You feel energized by being around other people.
Energy,Extrovert,You prefer group activities to spending time alone.
Energy,Extrovert,You find it easy to start conversations with strangers.
Energy,Extrovert,You often speak your thoughts out loud as you're thinking.
Energy,Extrovert,You like to keep busy with a full schedule.
Energy,Extrovert,You enjoy being the center of attention in social situations.
Energy,Extrovert,You get bored if you spend too much time alone.
Energy,Extrovert,You find it refreshing to engage in activities with others rather than doing things solo.
Energy,Extrovert,You feel energized and refreshed after spending time with a large group of people.
Energy,Extrovert,You find it helpful to talk through your options with others when making decisions.
Energy,Extrovert,You are often the one to initiate conversations in social situations.
Energy,Extrovert,You enjoy being the center of attention in a group setting.
Energy,Extrovert,You find it easy to approach new people and start conversations.
Energy,Extrovert,You enjoy activities that involve teamwork and group dynamics.
Energy,Extrovert,You prefer brainstorming with others over working alone when faced with a challenging problem.
Energy,Extrovert,You feel uncomfortable with prolonged periods of quiet or solitude.
Energy,Extrovert,You enjoy being the center of attention at social gatherings.
Energy,Extrovert,You feel energized after spending time with a group of people.
Energy,Extrovert,You prefer to talk through problems rather than think them through alone.
Energy,Extrovert,You often initiate conversations with strangers.
Energy,Extrovert,You find it easy to meet new people.
Energy,Extrovert,You prefer group activities over solitary ones.
Energy,Extrovert,You enjoy multitasking and being busy.
Energy,Extrovert,You often share your thoughts and feelings openly with others.
Energy,Extrovert,You prefer to socialize with a large group of people rather than a small group of close friends.
Energy,Extrovert,You tend to think out loud rather than process information internally.
Energy,Extrovert,You enjoy being the center of attention rather than blending into the background.
Energy,Extrovert,You find it easy to start conversations with strangers rather than letting others initiate.
Energy,Extrovert,You recharge your energy by spending time with others rather than spending time alone.
Energy,Extrovert,You prefer to express your feelings openly rather than keep them to yourself.
Energy,Extrovert,You tend to be more outgoing and assertive rather than more reserved and quiet.
Energy,Extrovert,You prefer to work on projects in groups rather than independently.
Energy,Extrovert,You prefer to meet friends or socialize after a long day.
Energy,Extrovert,You tend to speak up frequently and share your thoughts in group discussions.
Energy,Extrovert,You find your energy levels are highest when interacting with others in a lively environment.
Energy,Extrovert,You usually talk through problems with others to find a solution when faced with a challenge.
Energy,Extrovert,"You typically move from group to group, meeting new people at parties."
Energy,Extrovert,Your ideal weekend involves going out and participating in social activities.
Energy,Extrovert,You prefer to dive in and learn through hands-on experience with others when learning something new.
Energy,Extrovert,You enjoy engaging in group activities or team sports in your free time.
Energy,Extrovert,You tend to discuss options with others to gain different perspectives when making decisions.
Energy,Extrovert,"Your work style is best described as collaborative, thriving in team environments."
Energy,Extrovert,You usually feel energized and ready for more interaction after attending a social event.
Energy,Extrovert,You quickly introduce yourself and make new connections when starting a new job or class.
Energy,Extrovert,"Your communication style tends to be open and expressive, sharing thoughts readily."
Energy,Extrovert,"You prefer active, social environments like bustling cafes or gyms in your leisure time."
Energy,Extrovert,You brainstorm ideas with a group when solving complex problems.
Energy,Extrovert,Your ideal vacation would be an action-packed trip with lots of social activities.
Energy,Extrovert,You enjoy being the center of attention.
Energy,Extrovert,You feel energized after spending time with a large group of people.
Energy,Extrovert,You prefer to work in teams rather than alone.
Energy,Extrovert,You find it easy to start conversations with strangers.
Energy,Extrovert,You like to attend parties and social gatherings.
Energy,Extrovert,You tend to think out loud and process your thoughts by talking.
Energy,Extrovert,You are often described as outgoing and sociable.
Energy,Extrovert,You prefer activities that involve interacting with others.
Energy,Extrovert,You feel comfortable speaking up in group discussions.
Energy,Extrovert,You enjoy meeting new people and making new friends.
Energy,Extrovert,You tend to act first and think later.
Energy,Extrovert,You find silence uncomfortable in social situations.
Energy,Extrovert,You are often the one to initiate plans with friends.
Energy,Extrovert,"You prefer a busy, active environment over a quiet one."
Energy,Extrovert,You feel restless when you spend too much time alone.
Energy,Extrovert,You are energized by engaging in debates or arguments.
Energy,Extrovert,You enjoy being part of multiple social circles.
Energy,Extrovert,You find it easy to express your emotions openly.
Energy,Extrovert,You prefer collaborative projects over independent work.
Energy,Extrovert,You often seek out new and exciting experiences.
Energy,Extrovert,You feel most alive when you're around other people.
Energy,Extrovert,You tend to speak more than you listen in conversations.
Orientation,Imaginative,You often find yourself daydreaming about possibilities and ideas that others might consider unrealistic.
Orientation,Imaginative,You prefer to brainstorm creative solutions rather than following established methods when faced with a problem.
Orientation,Imaginative,"You enjoy thinking about futuristic ideas, even if they seem far-fetched."
Orientation,Imaginative,You are more excited by exploring new ideas than completing familiar tasks.
Orientation,Imaginative,You believe that innovation is more important than efficiency in achieving success.
Orientation,Imaginative,You often feel inspired by stories of exploration and discovery.
Orientation,Imaginative,You enjoy visualizing different outcomes for everyday situations.
Orientation,Imaginative,You prefer to follow your intuition even when outcomes are uncertain.
Orientation,Imaginative,You are comfortable in situations where the path forward isn't well-defined.
Orientation,Imaginative,You believe that imagination is the most powerful tool we have for problem-solving.
Orientation,Imaginative,You often find yourself daydreaming about fantastical worlds or scenarios.
Orientation,Imaginative,You believe creativity is more important than practicality in problem-solving.
Orientation,Imaginative,"You enjoy brainstorming new ideas, even if they seem unrealistic at first."
Orientation,Imaginative,You prefer stories and movies that explore imaginative concepts over realistic ones.
Orientation,Imaginative,You think it's important to take risks and think outside the box.
Orientation,Imaginative,You often come up with unique solutions to problems that others might not consider.
Orientation,Imaginative,You would rather spend time creating art than following a strict schedule.
Orientation,Imaginative,You believe that imagination is essential for innovation and progress.
Orientation,Imaginative,You enjoy exploring abstract ideas and concepts rather than focusing on concrete details.
Orientation,Imaginative,You often find inspiration in dreams or fantasies to fuel your creativity.
Orientation,Imaginative,You enjoy spending time thinking about abstract ideas and concepts.
Orientation,Imaginative,You often daydream and lose track of time.
Orientation,Imaginative,You prefer creative and unconventional solutions to problems.
Orientation,Imaginative,"You are drawn to stories, movies, and books that explore imaginative worlds."
Orientation,Imaginative,You enjoy brainstorming new ideas and possibilities.
Orientation,Imaginative,You find it easier to think outside the box.
Orientation,Imaginative,You are more interested in the why than the how.
Orientation,Imaginative,You like to experiment with different approaches and perspectives.
Orientation,Imaginative,"You often find yourself lost in thought, contemplating the meaning of life."
Orientation,Imaginative,You prefer to focus on the big picture rather than the details.
Orientation,Imaginative,You often find yourself daydreaming about future possibilities.
Orientation,Imaginative,You enjoy thinking about abstract concepts and ideas.
Orientation,Imaginative,You prefer exploring new ideas over sticking to tried-and-true methods.
Orientation,Imaginative,You get excited by possibilities and envisioning what could be.
Orientation,Imaginative,"You often seek out books, shows, or activities that stretch your imagination."
Orientation,Imaginative,"You rely on your intuition to guide your decisions, even if there isn't hard evidence."
Orientation,Imaginative,You enjoy brainstorming multiple ways to approach a single problem.
Orientation,Imaginative,You find yourself focusing on the bigger picture rather than the small details.
Orientation,Imaginative,You're fascinated by theories and concepts that challenge how we see the world.
Orientation,Imaginative,You are more interested in exploring creative solutions than following established methods.
Orientation,Imaginative,"You often find yourself lost in thought, imagining different scenarios or possibilities."
Orientation,Imaginative,"You enjoy creative hobbies like writing, painting, or music."
Orientation,Imaginative,You prefer trying new things and exploring unfamiliar ideas.
Orientation,Imaginative,"You often engage in fantasy or escapism, such as reading fiction or watching movies."
Orientation,Imaginative,You rely more on intuition and gut feelings than on logic and reason.
Orientation,Imaginative,"You prefer brainstorming creative solutions to problems over a more structured, logical approach."
Orientation,Imaginative,You often think about the future and potential possibilities.
Orientation,Imaginative,You tend to be more emotionally expressive and empathetic.
Orientation,Imaginative,You enjoy challenging norms and thinking outside the box.
Orientation,Imaginative,You have strong beliefs and ideals that guide your actions.
Orientation,Imaginative,"You prefer to come up with innovative, unconventional solutions when solving problems."
Orientation,Imaginative,You find yourself often daydreaming and exploring ideas in your mind.
Orientation,Imaginative,You tend to brainstorm multiple possibilities and potential outcomes when starting a new project.
Orientation,Imaginative,You're more interested in exploring abstract concepts and theories.
Orientation,Imaginative,You often use metaphors and analogies to explain your thoughts in conversations.
Orientation,Imaginative,You prefer fiction that transports you to imaginary worlds when reading.
Orientation,Imaginative,Your workspace is typically filled with inspirational objects and creative clutter.
Orientation,Imaginative,"You're more likely to think of creative, out-of-the-box solutions when facing a challenge."
Orientation,Imaginative,You find more value in exploring possibilities and what could be.
Orientation,Imaginative,You enjoy engaging in creative hobbies or imagining future scenarios in your free time.
Orientation,Imaginative,You prefer to explore various hypothetical scenarios when making decisions.
Orientation,Imaginative,You're more comfortable dealing with abstract concepts and ideas.
Orientation,Imaginative,You tend to have a general idea and leave room for spontaneity when planning a trip.
Orientation,Imaginative,You find more satisfaction in contemplating ideas and potential future outcomes.
Orientation,Imaginative,"You typically consider multiple, even unconventional, approaches in problem-solving."
Orientation,Imaginative,Your approach to learning new skills is to explore various methods to find what feels right.
Orientation,Imaginative,You focus on envisioning potential growth and future possibilities when starting a new job.
Orientation,Imaginative,You're more likely to be described as head-in-the-clouds and idealistic.
Orientation,Imaginative,You usually generate ideas and explore various directions in group projects.
Orientation,Imaginative,Your first instinct is to consider the big picture and potential implications when faced with a problem.
Orientation,Practical,"You prefer working with concrete, proven methods over experimenting with new ideas."
Orientation,Practical,You find satisfaction in completing tasks with efficiency and attention to detail.
Orientation,Practical,You focus on the step-by-step process to achieve a given goal.
Orientation,Practical,"You prefer to handle situations based on facts and evidence, rather than abstract concepts."
Orientation,Practical,"You tend to focus on what needs to be done immediately, rather than long-term possibilities."
Orientation,Practical,You value practical skills that can be applied in real-world scenarios over theoretical knowledge.
Orientation,Practical,You believe the best solutions are often the simplest and most straightforward ones.
Orientation,Practical,You enjoy managing tangible resources like time and money in an organized way.
Orientation,Practical,You find comfort in following established systems and routines to get things done.
Orientation,Practical,You think it's more important to be realistic than to be imaginative in approaching life.
Orientation,Practical,You prefer to stick to tried-and-true methods rather than experimenting with new ideas.
Orientation,Practical,You believe that practicality is more important than creativity in everyday life.
Orientation,Practical,You feel more comfortable when you have a clear plan and structure in place.
Orientation,Practical,You think it's essential to focus on realistic goals rather than lofty ambitions.
Orientation,Practical,You prioritize efficiency and effectiveness over creativity in your work.
Orientation,Practical,You often rely on data and facts to make decisions rather than intuition or feelings.
Orientation,Practical,You believe that having a routine helps you achieve your goals more effectively.
Orientation,Practical,You prefer practical solutions that can be implemented immediately over theoretical ideas.
Orientation,Practical,You find comfort in following established guidelines rather than venturing into the unknown.
Orientation,Practical,You believe that careful planning is the key to success in any endeavor.
Orientation,Practical,You prefer to focus on practical solutions and tangible results.
Orientation,Practical,You are a detail-oriented person who likes to plan and organize.
Orientation,Practical,You enjoy working with numbers and data.
Orientation,Practical,You prefer to stick to tried and tested methods.
Orientation,Practical,You are more interested in the how than the why.
Orientation,Practical,You like to have a clear plan and a step-by-step approach.
Orientation,Practical,You prefer to focus on the present moment rather than the future.
Orientation,Practical,You are more comfortable with routine and structure.
Orientation,Practical,You enjoy solving problems in a logical and systematic way.
Orientation,Practical,You prefer to focus on the details rather than the big picture.
Orientation,Practical,You prefer focusing on facts and concrete details over abstract ideas.
Orientation,Practical,You find it more valuable to use proven methods than to try untested ideas.
Orientation,Practical,"You feel most comfortable when working with clear, step-by-step instructions."
Orientation,Practical,"You prioritize realistic solutions over imaginative ones, especially in problem-solving."
Orientation,Practical,You enjoy focusing on the immediate needs rather than long-term possibilities.
Orientation,Practical,You find yourself sticking to routines and schedules to get things done efficiently.
Orientation,Practical,You value being down-to-earth and sticking to what's achievable.
Orientation,Practical,You are more comfortable dealing with facts than exploring abstract concepts.
Orientation,Practical,You prefer working with your hands or tangible materials rather than brainstorming ideas.
Orientation,Practical,You focus on what is happening right now rather than what might happen in the future.
Orientation,Practical,You prefer to plan ahead and have a structured approach to tasks.
Orientation,Practical,You focus on practical solutions and tangible results.
Orientation,Practical,You value tradition and established methods.
Orientation,Practical,You pay close attention to details and accuracy.
Orientation,Practical,You prefer routine and stability to change and uncertainty.
Orientation,Practical,"You prefer a systematic, logical approach to problem-solving."
Orientation,Practical,You tend to focus on the present moment and immediate tasks.
Orientation,Practical,You prioritize practicality and efficiency over idealism.
Orientation,Practical,You tend to follow rules and expectations.
Orientation,Practical,You rely on facts and data to make decisions.
Orientation,Practical,You prefer to use tried-and-true methods that have worked before when solving problems.
Orientation,Practical,You find yourself often focusing on the task at hand and immediate surroundings.
Orientation,Practical,"You tend to create a detailed, step-by-step plan when starting a new project."
Orientation,Practical,You're more interested in dealing with concrete facts and tangible results.
Orientation,Practical,You often stick to literal descriptions and specific examples in conversations.
Orientation,Practical,You prefer non-fiction that provides practical information when reading.
Orientation,Practical,Your workspace is typically organized and functional with essential items only.
Orientation,Practical,You're more likely to rely on proven methods and past experiences when facing a challenge.
Orientation,Practical,You find more value in focusing on reality and what currently exists.
Orientation,Practical,You enjoy pursuing practical activities or improving existing skills in your free time.
Orientation,Practical,"You prefer to consider immediate, tangible outcomes when making decisions."
Orientation,Practical,You're more comfortable working with concrete facts and figures.
Orientation,Practical,You tend to create a detailed itinerary with specific activities when planning a trip.
Orientation,Practical,You find more satisfaction in completing tasks and seeing immediate results.
Orientation,Practical,"You typically look for straightforward, efficient solutions in problem-solving."
Orientation,Practical,Your approach to learning new skills is to practice repeatedly until mastery is achieved.
Orientation,Practical,You focus on understanding specific tasks and responsibilities when starting a new job.
Orientation,Practical,You're more likely to be described as down-to-earth and pragmatic.
Orientation,Practical,"You usually take on specific, well-defined roles in group projects."
Orientation,Practical,"When faced with a problem, your first instinct is to break it down into manageable, concrete steps"
Structure,Organised,I'm all about mapping out my day and sticking to that plan as much as possible.
Structure,Organised,"When things are in order, I feel like I can conquer anything!"
Structure,Organised,You believe structure and consistency are the real secrets to getting things done right.
Structure,Organised,You enjoy using lists to track tasks and ensure nothing is missed.
Structure,Organised,Knowing what's coming next just makes life so much easier.
Structure,Organised,I set goals and actually keep track of how I'm doing along the way.
Structure,Organised,"If there's one thing I rely on, it's being prepared - no surprises!"
Structure,Organised,"You like finishing things in a neat, step-by-step way instead of jumping all over the place."
Structure,Organised,Punctuality is key! Sticking to timelines is a big deal for me.
Structure,Organised,Last-minute changes make me nervous; I prefer to stick to the original plan.
Structure,Organised,"I thrive on planning my day ahead, rather than leaving it to chance."
Structure,Organised,A well-structured routine is your secret weapon for staying productive.
Structure,Organised,My trusty calendar or planner is my best friend for keeping track of tasks and appointments.
Structure,Organised,"When things go off-script, I often feel a wave of stress wash over me."
Structure,Organised,Crafting lists to prioritize your tasks and goals is a must for you.
Structure,Organised,Punctuality isn't just important; it's a core value I live by.
Structure,Organised,A tidy and organized workspace helps you focus and unleash your creativity.
Structure,Organised,Following rules and procedures closely is your go-to approach in both work and life.
Structure,Organised,You love setting ambitious long-term goals and steadily chipping away at them.
Structure,Organised,"Sticking to familiar activities feels comforting, while spontaneity makes me uneasy."
Structure,Organised,You prefer a structured routine over a flexible schedule.
Structure,Organised,You are more likely to make a detailed plan than improvise.
Structure,Organised,You feel more comfortable with a clear to-do list.
Structure,Organised,You prefer finishing one task completely before starting another.
Structure,Organised,You tend to stick to schedules even when other options arise.
Structure,Organised,You prefer an organized workspace.
Structure,Organised,You prefer a predictable routine over sudden changes.
Structure,Organised,You like to minimize uncertainty in your environment.
Structure,Organised,You prefer taking time to weigh options before deciding.
Structure,Organised,You prefer having a clear sense of direction.
Structure,Organised,You feel most productive when you follow a structured plan or schedule.
Structure,Organised,You keep detailed lists to stay on top of tasks and goals.
Structure,Organised,You like to plan your day in advance rather than leave things open-ended.
Structure,Organised,You find satisfaction in completing tasks one step at a time in a planned order.
Structure,Organised,You feel anxious if you don't have a clear idea of what you need to do next.
Structure,Organised,You enjoy organizing things in a logical and efficient way.
Structure,Organised,I prefer tasks with clear rules and guidelines over open-ended assignments.
Structure,Organised,You believe that careful planning leads to better results.
Structure,Organised,You feel uneasy when things don't go according to plan.
Structure,Organised,You prefer planning ahead and creating detailed schedules.
Structure,Organised,You enjoy consistent routine and structure in your daily life.
Structure,Organised,You use lists to organize tasks and goals.
Structure,Organised,You manage your time efficiently.
Structure,Organised,You prefer a clean and tidy environment.
Structure,Organised,You value being punctual and reliable.
Structure,Organised,You like being prepared for situations.
Structure,Organised,You pay attention to details and follow instructions carefully.
Structure,Organised,You prefer traditional established methods.
Structure,Organised,You prefer well-considered options over risky choices.
Structure,Organised,You can work well under pressure when you have planned ahead.
Structure,Organised,"When starting a new project, you prefer to create a detailed plan with clear steps and deadlines"
Structure,Organised,"Your workspace is typically neat and well-organized, with everything in its place"
Structure,Organised,"When it comes to time management, you use calendars and to-do lists to track tasks and appointments"
Structure,Organised,"In preparing for a trip, you tend to pack well in advance, using a checklist"
Structure,Organised,"Your approach to problem-solving is methodical, breaking issues down into manageable steps"
Structure,Organised,"When faced with a deadline, you usually complete the task well ahead of time"
Structure,Organised,Your daily routine is structured and consistent
Structure,Organised,"In group projects, you prefer to establish clear roles and responsibilities from the start"
Structure,Organised,"Your approach to filing documents (physical or digital) is systematic, with a clear organizational structure"
Structure,Organised,"When making decisions, you tend to gather all relevant information before deciding"
Structure,Organised,You find it easier to stick to a predetermined plan or schedule
Structure,Organised,"When an unexpected opportunity arises, you're more likely to consider how it fits into your existing commitments before deciding"
Structure,Organised,Your ideal weekend is scheduled with specific activities and tasks
Structure,Organised,"In social situations, you prefer planned events with clear expectations"
Structure,Organised,"When tackling a new task, you tend to research and plan before starting"
Structure,Organised,Your approach to cooking is usually following recipes precisely and measuring ingredients
Structure,Organised,"In your work or studies, you find you're most productive when you follow a structured schedule or study plan"
Structure,Organised,"When it comes to making plans with friends, you prefer setting dates and activities in advance"
Structure,Organised,Your shopping style is typically making a list and sticking to it
Structure,Organised,"When facing a problem, your first instinct is to analyze the situation thoroughly before acting"
Structure,Spontaneous,You enjoy the thrill of last-minute plans and unexpected opportunities.
Structure,Spontaneous,"Strict schedules feel like a cage to me""”I'd rather have room to breathe."
Structure,Spontaneous,"When plans shift, I'm ready to roll with it. Flexibility is my superpower."
Structure,Spontaneous,"The less planning, the better! I feel alive when I can just go with the flow."
Structure,Spontaneous,You prefer keeping your options open rather than committing early.
Structure,Spontaneous,"Being adaptable is what brings the best opportunities, in my book."
Structure,Spontaneous,I'm often at my best when I follow my gut instead of a rigid routine.
Structure,Spontaneous,"If something exciting comes up, I have no problem hitting pause on what I'm doing."
Structure,Spontaneous,Planning too much takes the fun out of things. Let life surprise me!
Structure,Spontaneous,You love heading somewhere new without an agenda; exploring as you go is the best part.
Structure,Spontaneous,You get a thrill from making last-minute plans instead of sticking to a rigid schedule.
Structure,Spontaneous,The excitement of diving into new activities without a plan fuels my energy.
Structure,Spontaneous,You are comfortable changing your mind when circumstances shift.
Structure,Spontaneous,Strict routines feel like chains; I prefer the freedom of flexibility in my day.
Structure,Spontaneous,I shine in situations that require quick thinking and improvisation!
Structure,Spontaneous,"Sometimes, going with the flow leads to the best adventures""”planning can wait!"
Structure,Spontaneous,You enjoy spontaneous trips and unexpected adventures.
Structure,Spontaneous,Surprises and unexpected changes in plans are what keep life exciting for me!
Structure,Spontaneous,Long-term goals feel too confining; I prefer to embrace spontaneity and creativity.
Structure,Spontaneous,You gravitate towards experiences that allow you to explore and express yourself freely.
Structure,Spontaneous,You prefer going with the flow rather than planning ahead.
Structure,Spontaneous,You enjoy trying new things rather than sticking to what you know.
Structure,Spontaneous,You prefer making decisions quickly over extensive analysis.
Structure,Spontaneous,You often find yourself doing things on impulse.
Structure,Spontaneous,You are comfortable in dynamic changing environments.
Structure,Spontaneous,You find it easy to change your mind as situations evolve.
Structure,Spontaneous,You enjoy surprises and unexpected adventures.
Structure,Spontaneous,You prefer working on multiple things rather than focusing on one task.
Structure,Spontaneous,You feel energized by variety and dynamic situations.
Structure,Spontaneous,You like keeping your options open.
Structure,Spontaneous,You feel productive when you can work flexibly.
Structure,Spontaneous,You are comfortable when plans or routines change unexpectedly.
Structure,Spontaneous,You find satisfaction in going with the flow.
Structure,Spontaneous,You are comfortable with a workspace that is functional rather than tidy.
Structure,Spontaneous,You prefer flexibility over knowing exactly what each day holds.
Structure,Spontaneous,You rarely stick to rigid routines even during downtime.
Structure,Spontaneous,You work well with deadline pressure and last-minute focus.
Structure,Spontaneous,You enjoy going with the flow and making decisions in the moment.
Structure,Spontaneous,You feel energized by the flexibility to change plans as needed.
Structure,Spontaneous,"I often start tasks without much planning, preferring to figure things out as I go."
Structure,Spontaneous,You get bored with too much routine or structure in your life.
Structure,Spontaneous,You enjoy exploring new things and rarely do the same activity twice.
Structure,Spontaneous,I'm comfortable improvising if a plan doesn't work out as expected.
Structure,Spontaneous,I prefer open-ended tasks with room for creativity rather than fixed steps.
Structure,Spontaneous,I often tackle tasks as they come up rather than following a to-do list.
Structure,Spontaneous,You feel comfortable adapting to unexpected situations or last-minute changes.
Structure,Spontaneous,I prefer leaving my schedule open to make spontaneous decisions.
Structure,Spontaneous,You often act on impulse.
Structure,Spontaneous,You adapt easily to changes in plans or unexpected situations.
Structure,Spontaneous,You enjoy trying new things and taking calculated risks.
Structure,Spontaneous,"When starting a new project, you prefer to jump in and figure things out as you go"
Structure,Spontaneous,"Your workspace is typically cluttered but functional, with items placed where convenient"
Structure,Spontaneous,"When it comes to time management, you keep mental notes and deal with things as they come up"
Structure,Spontaneous,"In preparing for a trip, you tend to pack at the last minute, grabbing what seems necessary"
Structure,Spontaneous,"Your approach to problem-solving is flexible, adapting your approach as new information arises"
Structure,Spontaneous,"When faced with a deadline, you usually work on it close to or at the deadline"
Structure,Spontaneous,"Your daily routine is variable, depending on how you feel each day"
Structure,Spontaneous,"In group projects, you prefer to let roles evolve naturally as the project progresses"
Structure,Spontaneous,"Your approach to filing documents (physical or digital) is more relaxed, saving items where convenient at the time"
Structure,Spontaneous,"When making decisions, you tend to make choices quickly based on available information"
Structure,Spontaneous,You find it easier to go with the flow and adapt to changing circumstances
Structure,Spontaneous,"When an unexpected opportunity arises, you're more likely to seize it immediately, even if it disrupts your plans"
Structure,Spontaneous,"Your ideal weekend is unplanned, allowing for spur-of-the-moment activities"
Structure,Spontaneous,"In social situations, you prefer impromptu gatherings and last-minute invitations"
Structure,Spontaneous,"When tackling a new task, you tend to dive in and learn as you go"
Structure,Spontaneous,Your approach to cooking is usually experimenting with ingredients and improvising recipes
Structure,Spontaneous,"In your work or studies, you find you're most productive when you have the freedom to work on tasks as inspiration strikes"
Structure,Spontaneous,"When it comes to making plans with friends, you prefer deciding on activities at the last minute"
Structure,Spontaneous,Your shopping style is typically browsing and buying items that catch your eye
Structure,Spontaneous,"When facing a problem, your first instinct is to try out different solutions and see what works"
Drive,Cooperative,You often think about how everyone on the team can succeed together.
Drive,Cooperative,You prefer finding solutions that work for everyone over pushing your own ideas.
Drive,Cooperative,You are willing to compromise in group settings.
Drive,Cooperative,Helping others reach their goals brings you personal satisfaction.
Drive,Cooperative,You find it satisfying to share credit for work well done.
Drive,Cooperative,You feel genuinely happy when the entire team succeeds.
Drive,Cooperative,You believe teamwork is the best way to tackle challenging problems.
Drive,Cooperative,You naturally offer help when a teammate is struggling.
Drive,Cooperative,You try to maintain harmony in the group even if it means adjusting your approach.
Drive,Cooperative,You consider how your decisions will impact the rest of the team.
Drive,Cooperative,You believe collaboration usually leads to better results.
Drive,Cooperative,You often prioritize the needs of the group in your decisions.
Drive,Cooperative,You get satisfaction from helping others reach their goals.
Drive,Cooperative,You prefer sharing credit with teammates.
Drive,Cooperative,Resolving conflicts through open discussion is important to you.
Drive,Cooperative,You look for opportunities to mentor or support others.
Drive,Cooperative,Building strong relationships is important to you.
Drive,Cooperative,You are willing to adapt your plans to accommodate the group.
Drive,Cooperative,You genuinely enjoy celebrating your peers achievements.
Drive,Cooperative,You believe teamwork is essential for project success.
Drive,Cooperative,I usually prefer working with others rather than alone.
Drive,Cooperative,You're willing to meet others halfway to reach a solution.
Drive,Cooperative,You love sharing your ideas and learning from others.
Drive,Cooperative,The team's success is just as important to me as my own.
Drive,Cooperative,You're open to different viewpoints and opinions.
Drive,Cooperative,"I'm happy to lend a hand, even if it means extra effort."
Drive,Cooperative,You enjoy building and maintaining strong relationships.
Drive,Cooperative,The journey towards a goal is often more exciting than the destination.
Drive,Cooperative,I value other people's input and perspectives.
Drive,Cooperative,You believe everyone should have a voice in decision-making.
Drive,Cooperative,I prefer working in a team where everyone supports each other.
Drive,Cooperative,You feel more accomplished when the group succeeds rather than just yourself.
Drive,Cooperative,"You enjoy helping others achieve their goals, even if it requires extra effort from you."
Drive,Cooperative,You find satisfaction in seeing everyone contribute and work together harmoniously.
Drive,Cooperative,You are willing to compromise if it benefits the group.
Drive,Cooperative,You believe that collaboration is more effective than competition in most situations.
Drive,Cooperative,I prioritize maintaining positive relationships over winning an argument.
Drive,Cooperative,You enjoy sharing ideas and resources openly with others.
Drive,Cooperative,You find fulfillment in supporting others and celebrating their successes.
Drive,Cooperative,I prefer jobs or tasks that involve working closely with others.
Drive,Cooperative,You enjoy working collaboratively on projects.
Drive,Cooperative,You are willing to compromise to reach mutually beneficial agreements.
Drive,Cooperative,You understand and share the feelings of others.
Drive,Cooperative,You prefer finding peaceful solutions to conflict.
Drive,Cooperative,You are supportive and encouraging of others.
Drive,Cooperative,You willingly share resources and knowledge.
Drive,Cooperative,You strive for consensus among group members.
Drive,Cooperative,You have patience with others especially when they are struggling.
Drive,Cooperative,You are understanding of others mistakes.
Drive,Cooperative,You feel a sense of responsibility to your community.
Drive,Cooperative,"When working on a group project, you prefer to ensure everyone's ideas are heard and incorporated"
Drive,Cooperative,"In a team setting, you find more satisfaction in achieving collective goals"
Drive,Cooperative,"When faced with a challenge, you typically seek input from others to find a solution"
Drive,Cooperative,You believe success is best achieved through collaboration and mutual support
Drive,Cooperative,"In discussions, you tend to find common ground and build consensus"
Drive,Cooperative,"When a colleague is struggling, you're more likely to offer assistance and support"
Drive,Cooperative,You feel most fulfilled when contributing to a team's success
Drive,Cooperative,"In conflict situations, you prefer to find a compromise that satisfies all parties"
Drive,Cooperative,"When setting goals, you focus more on how they align with team or organizational objectives"
Drive,Cooperative,You believe the best work environment is one where everyone supports each other's growth
Drive,Cooperative,"In a group project, you're most concerned with making sure the team works well together"
Drive,Cooperative,"When faced with a challenge, you see it as a chance for the team to come together and solve problems"
Drive,Cooperative,You believe success is primarily determined by effective teamwork and collaboration
Drive,Cooperative,"In discussions, you aim to find a middle ground that everyone can agree on"
Drive,Cooperative,"When a colleague receives praise, you typically feel genuinely happy for their success"
Drive,Cooperative,You prefer working in an environment where team accomplishments are celebrated
Drive,Cooperative,"When setting personal goals, you focus on personal growth and improvement"
Drive,Cooperative,"In team sports or games, you're most satisfied when the team wins, regardless of your personal performance"
Drive,Cooperative,"When faced with a setback, you're more likely to seek support and advice from others"
Drive,Cooperative,You believe the key to career advancement is building strong relationships and collaborating effectively
Drive,Competitive,You are driven by the idea of being the best in your field.
Drive,Competitive,You feel accomplished when you outperform your previous results or others.
Drive,Competitive,Your first thought in a challenge is how you can come out on top.
Drive,Competitive,You feel energized by opportunities to demonstrate your abilities.
Drive,Competitive,You believe competition pushes you to bring out your best.
Drive,Competitive,You often measure your achievements against benchmarks or peers.
Drive,Competitive,Competition motivates you to work harder.
Drive,Competitive,Winning feels like meaningful validation of your abilities.
Drive,Competitive,Achieving your goals is a top priority for you.
Drive,Competitive,You see success as being about standing out and excelling.
Drive,Competitive,You thrive in environments where you can showcase your abilities.
Drive,Competitive,Outperforming your previous results gives you a sense of pride.
Drive,Competitive,You often take charge in group settings to steer toward success.
Drive,Competitive,Achieving results is more important to you than avoiding conflict.
Drive,Competitive,You focus more on your own goals than group goals.
Drive,Competitive,You believe competition drives innovation and improvement.
Drive,Competitive,You prefer clear recognition for your contributions.
Drive,Competitive,You are motivated by the desire to be recognized as excellent.
Drive,Competitive,You measure your progress against others or benchmarks.
Drive,Competitive,You are willing to take calculated risks to achieve personal success.
Drive,Competitive,You thrive on challenges and aim to do your best.
Drive,Competitive,Winning and achieving success is important to me.
Drive,Competitive,You're not afraid of a good debate or argument.
Drive,Competitive,My personal goals often take priority over group goals.
Drive,Competitive,I'm confident in my abilities and skills.
Drive,Competitive,You're willing to take risks to achieve what you want.
Drive,Competitive,The end result is more important to me than the process.
Drive,Competitive,I prefer a clear hierarchy and defined roles.
Drive,Competitive,You often prefer working independently.
Drive,Competitive,You focus on your strengths and how to improve them.
Drive,Competitive,You are motivated by the desire to be the best in what I do.
Drive,Competitive,You feel energized when there is an opportunity to compete and prove your abilities.
Drive,Competitive,You enjoy setting ambitious goals and striving to outperform others.
Drive,Competitive,You believe that a bit of competition helps people push their limits.
Drive,Competitive,You are driven to be recognized for your individual achievements.
Drive,Competitive,I prefer situations where I can measure my performance against others.
Drive,Competitive,You feel motivated when you have a clear chance to come out on top.
Drive,Competitive,"You are comfortable making decisions that prioritize my goals, even if they differ from the group's."
Drive,Competitive,You often push yourself harder when you know there's something to win or achieve.
Drive,Competitive,I prefer environments that challenge me to exceed others' performance.
Drive,Competitive,You strive to be the best at what you do.
Drive,Competitive,You set high goals and work hard to achieve them.
Drive,Competitive,You are assertive and confident in expressing your opinions.
Drive,Competitive,You are willing to take risks to achieve your goals.
Drive,Competitive,You are highly motivated and driven to succeed.
Drive,Competitive,You prefer working independently.
Drive,Competitive,You enjoy competition and strive to win.
Drive,Competitive,You prefer a direct and straightforward approach.
Drive,Competitive,You are focused on achieving tangible results.
Drive,Competitive,You rely on your own abilities and resources.
Drive,Competitive,"When working on a group project, you prefer to take charge and lead the group towards your vision"
Drive,Competitive,"In a team setting, you find more satisfaction in standing out as a top performer"
Drive,Competitive,"When faced with a challenge, you typically tackle the problem independently to prove your abilities"
Drive,Competitive,You believe success is best achieved through individual effort and personal achievement
Drive,Competitive,"In discussions, you tend to argue your point to win the debate"
Drive,Competitive,You see colleagues struggles as motivation to excel yourself.
Drive,Competitive,You feel most fulfilled when receiving individual recognition for your achievements
Drive,Competitive,"In conflict situations, you prefer to push for your preferred solution"
Drive,Competitive,"When setting goals, you focus more on how they will help you advance personally"
Drive,Competitive,You believe the best work environment is one where healthy competition drives individual excellence
Drive,Competitive,"In a group project, you're most concerned with ensuring your contributions stand out"
Drive,Competitive,"When faced with a challenge, you see it as an opportunity to prove yourself better than others"
Drive,Competitive,You believe success is primarily determined by individual skill and effort
Drive,Competitive,"In discussions, you aim to convince others that your viewpoint is correct"
Drive,Competitive,"When a colleague receives praise, you typically feel motivated to outperform them next time"
Drive,Competitive,You prefer working in an environment where individual achievements are regularly recognized
Drive,Competitive,"When setting personal goals, you focus on outperforming your peers or industry standards"
Drive,Competitive,"In team sports or games, you're most satisfied when you're the top scorer or mvp"
Drive,Competitive,"When faced with a setback, you're more likely to double down on your efforts to prove yourself"
Drive,Competitive,You believe the key to career advancement is consistently outperforming your colleagues
Reaction,Reflective,You take a moment to think things over before speaking up.
Reaction,Reflective,You like to sit with feedback before responding.
Reaction,Reflective,You prefer to observe and take things in before joining conversations.
Reaction,Reflective,You often reflect on past conversations and how you could improve.
Reaction,Reflective,You value quiet time to process big decisions or emotions.
Reaction,Reflective,You naturally consider possible outcomes before offering ideas.
Reaction,Reflective,You prefer gathering information before making decisions.
Reaction,Reflective,You tend to research and think through problems before acting.
Reaction,Reflective,You choose your words carefully before sharing your thoughts.
Reaction,Reflective,You need time alone to process your thoughts and feelings.
Reaction,Reflective,You take time to think things through before making decisions.
Reaction,Reflective,You cherish time spent reflecting on your thoughts and feelings.
Reaction,Reflective,You reflect on past experiences to guide your choices.
Reaction,Reflective,You prefer deep meaningful conversations over small talk.
Reaction,Reflective,You take a moment to consider your response when asked for your opinion.
Reaction,Reflective,Writing down your thoughts helps you process experiences.
Reaction,Reflective,You seek clarity and understanding before jumping into action.
Reaction,Reflective,You analyze problems from multiple angles before deciding.
Reaction,Reflective,You believe reflection is essential for personal growth.
Reaction,Reflective,You listen and absorb information before sharing your thoughts.
Reaction,Reflective,You often find yourself pondering deeper questions.
Reaction,Reflective,You prefer taking your time and weighing options.
Reaction,Reflective,You enjoy solitary activities that let you explore your thoughts.
Reaction,Reflective,You tend to question assumptions and seek deeper understanding.
Reaction,Reflective,You strive for accuracy and attention to detail.
Reaction,Reflective,You prefer diving deep into complex topics.
Reaction,Reflective,You prefer setting your own pace and priorities.
Reaction,Reflective,You sometimes feel like you live inside your own head.
Reaction,Reflective,You are drawn to theoretical concepts and deeper understanding.
Reaction,Reflective,You often find yourself planning or contemplating the future.
Reaction,Reflective,I prefer taking my time to think things through before making a decision.
Reaction,Reflective,You often pause to consider all the details before responding in conversations.
Reaction,Reflective,I value thorough analysis over quick action.
Reaction,Reflective,You find it helpful to reflect on past experiences to guide your choices.
Reaction,Reflective,You like to weigh the pros and cons carefully before committing to something.
Reaction,Reflective,I tend to process new information quietly before sharing my thoughts.
Reaction,Reflective,You often find yourself replaying conversations or situations in your mind afterward.
Reaction,Reflective,I prefer to observe and understand a situation fully before jumping in.
Reaction,Reflective,"You are more comfortable taking a ""wait-and-see"" approach rather than acting quickly."
Reaction,Reflective,You feel most confident when you have had time to think about my response.
Reaction,Reflective,You prefer thinking deeply before making decisions.
Reaction,Reflective,You often reflect on your thoughts feelings and experiences.
Reaction,Reflective,You are a keen observer of people and situations.
Reaction,Reflective,You enjoy analyzing information and breaking it down.
Reaction,Reflective,You are patient and deliberate in your actions.
Reaction,Reflective,You tend to be quiet and measured in social situations.
Reaction,Reflective,You have a strong understanding of your own strengths and weaknesses.
Reaction,Reflective,You prefer planning ahead with a structured approach.
Reaction,Reflective,You pay attention to details and accuracy.
Reaction,Reflective,You prefer working independently to think things through.
Reaction,Reflective,"When faced with a new situation, you typically take time to analyze and consider all aspects before acting"
Reaction,Reflective,"After an important event or conversation, you tend to spend time thinking about what happened and what was said"
Reaction,Reflective,"When making decisions, you prefer to carefully weigh all options and potential outcomes"
Reaction,Reflective,"In group discussions, you're more likely to listen and process information before sharing your thoughts"
Reaction,Reflective,"When learning something new, you find it most effective to study and contemplate the material on your own"
Reaction,Reflective,"After completing a project, you usually review the process and outcomes to identify lessons learned"
Reaction,Reflective,"When solving problems, you prefer to take time to consider multiple approaches before acting"
Reaction,Reflective,"In social situations, you tend to observe and analyze interactions before fully engaging"
Reaction,Reflective,"When receiving feedback, you typically take time to process and reflect on the information"
Reaction,Reflective,Your approach to personal growth involves regular self-reflection and introspection
Reaction,Reflective,"When a friend shares a problem with you, you're more likely to listen carefully and ask questions to understand better"
Reaction,Reflective,"In a fast-paced work environment, you tend to feel overwhelmed and need time to process information"
Reaction,Reflective,"When plans change unexpectedly, you usually need time to adjust and reconsider your options"
Reaction,Reflective,"In team projects, you prefer to handle responsibilities that allow for careful planning"
Reaction,Reflective,"When faced with a crisis, you typically take a moment to assess the situation before responding"
Reaction,Reflective,"In conversations, you find yourself listening fully before considering your reply"
Reaction,Reflective,"When learning a new skill, you prefer studying the theory thoroughly before practicing"
Reaction,Reflective,"In competitive situations, you tend to carefully observe opponents before making your move"
Reaction,Reflective,"When receiving criticism, your initial reaction is to listen and take time to consider the feedback"
Reaction,Reflective,Your approach to problem-solving usually involves careful analysis and consideration of potential outcomes
Reaction,Responsive,You feel comfortable sharing your thoughts right away.
Reaction,Responsive,You are ready to voice your opinion on the spot.
Reaction,Responsive,You are comfortable making decisions quickly even with incomplete information.
Reaction,Responsive,You respond immediately when someone asks you a question.
Reaction,Responsive,You feel energized in fast-paced environments requiring quick decisions.
Reaction,Responsive,You tend to speak your mind right away.
Reaction,Responsive,Conversations flow best when you can respond as ideas come to you.
Reaction,Responsive,You trust your instincts and go with your gut in the moment.
Reaction,Responsive,You react and adapt quickly when new information comes up.
Reaction,Responsive,You jump into discussions and contribute actively.
Reaction,Responsive,You thrive making quick decisions in fast-paced situations.
Reaction,Responsive,You are comfortable adapting to new situations without much preparation.
Reaction,Responsive,You enjoy being spontaneous and taking action.
Reaction,Responsive,You prefer jumping into conversations rather than waiting.
Reaction,Responsive,Trusting your instincts is important to you.
Reaction,Responsive,You prefer tackling challenges immediately rather than reflecting first.
Reaction,Responsive,You value giving and receiving immediate feedback.
Reaction,Responsive,You love trying new things without much planning.
Reaction,Responsive,You respond quickly in conversations.
Reaction,Responsive,You believe taking action is often more important than extensive analysis.
Reaction,Responsive,You thrive on social interaction and being around people.
Reaction,Responsive,You are a quick thinker who adapts to changing situations easily.
Reaction,Responsive,You prefer focusing on the present and seizing opportunities.
Reaction,Responsive,You are more of a doer than a thinker eager to take action.
Reaction,Responsive,You enjoy being involved in group activities.
Reaction,Responsive,You are comfortable with spontaneity and surprises.
Reaction,Responsive,You prefer fast-paced environments with new things happening.
Reaction,Responsive,You often initiate conversations.
Reaction,Responsive,You trust your gut instincts and intuition.
Reaction,Responsive,You are interested in practical solutions and tangible results.
Reaction,Responsive,You feel comfortable making quick decisions on the spot.
Reaction,Responsive,I often respond immediately to questions or situations without needing much time to think.
Reaction,Responsive,You enjoy environments where you need to think and act quickly.
Reaction,Responsive,You often jump into action rather than spending too much time analyzing.
Reaction,Responsive,You feel energized by situations where you need to adapt in the moment.
Reaction,Responsive,I trust my instincts to guide my responses and decisions.
Reaction,Responsive,You enjoy fast-paced conversations where ideas are exchanged quickly.
Reaction,Responsive,I often take immediate steps to address issues rather than pondering them.
Reaction,Responsive,You are comfortable speaking up as soon as you have a thought.
Reaction,Responsive,You find it easy to adapt your plans or actions if things change unexpectedly.
Reaction,Responsive,You often act on impulse.
Reaction,Responsive,You enjoy spontaneity and surprises.
Reaction,Responsive,You enjoy social interactions and meeting new people.
Reaction,Responsive,You are outgoing and expressive.
Reaction,Responsive,You prefer taking action over extended deliberation.
Reaction,Responsive,You adapt easily to changes in plans.
Reaction,Responsive,You have a positive and optimistic outlook.
Reaction,Responsive,You understand and share the feelings of others.
Reaction,Responsive,You rely on intuition and gut feelings.
Reaction,Responsive,You enjoy creative activities and thinking beyond convention.
Reaction,Responsive,"When faced with a new situation, you typically react quickly based on your immediate impressions"
Reaction,Responsive,"After an important event or conversation, you tend to move on to the next thing without much retrospection"
Reaction,Responsive,"When making decisions, you prefer to trust your instincts and make quick choices"
Reaction,Responsive,"In group discussions, you're more likely to contribute ideas and opinions as soon as they come to you"
Reaction,Responsive,"When learning something new, you find it most effective to engage in hands-on practice or discussion with others"
Reaction,Responsive,"After completing a project, you usually immediately move on to the next task or challenge"
Reaction,Responsive,"When solving problems, you prefer to try out solutions quickly and adjust as you go"
Reaction,Responsive,"In social situations, you tend to dive into conversations and activities right away"
Reaction,Responsive,"When receiving feedback, you typically respond or act on the feedback immediately"
Reaction,Responsive,Your approach to personal growth involves actively seeking new experiences and challenges
Reaction,Responsive,"When a friend shares a problem with you, you're more likely to offer immediate advice or solutions"
Reaction,Responsive,"In a fast-paced work environment, you tend to thrive on quick decision-making and immediate action"
Reaction,Responsive,"When plans change unexpectedly, you usually adapt quickly and go with the flow"
Reaction,Responsive,"In team projects, you prefer to take on tasks that require quick thinking and action"
Reaction,Responsive,"When faced with a crisis, you typically spring into action immediately to address the issue"
Reaction,Responsive,"In conversations, you find yourself quickly formulating responses while others are speaking"
Reaction,Responsive,"When learning a new skill, you prefer diving in and learning through trial and error"
Reaction,Responsive,"In competitive situations, you tend to react swiftly to gain an advantage"
Reaction,Responsive,"When receiving criticism, your initial reaction is to defend your position or offer explanations immediately"
Reaction,Responsive,Your approach to problem-solving usually involves quick brainstorming and immediate implementation of ideas